[
{
"id": "0014x00001HOq7aAAD",
"active": true,
"name": "Jasmine",
"shippingAddress": "7898 riverdale lane",
"shippingCity": "Columbus",
"shippingCountry": "USA",
"shippingPostalCode": "40090",
"shippingState": "Ohio",
"emailAddress": "jasy678@gmail.com",
"phoneNumber": "8907656778",
"externalAccountId": "netsuite123"
},
{
"id": "0014x00001HOq71AAD",
"active": true,
"name": "Sakthi",
"shippingAddress": "2345 westlington circle",
"shippingCity": "Atlanta",
"shippingCountry": "USA",
"shippingPostalCode": "30040",
"shippingState": "Georgia",
"emailAddress": "sakthi345@gmail.com",
"phoneNumber": "7703447890",
"externalAccountId": "netsuite345"
}
]